     ,2026,2026,2026,2026,2026,2026,2026
,01/06/2026,01/07/2026,01/08/2026,01/09/2026,01/10/2026,01/11/2026,01/12/2026
,30/06/2026,31/07/2026,31/08/2026,29/09/2026,31/10/2026,30/11/2026,31/12/2026
Mês,junho,julho,agosto,setembro,outubro,novembro,dezembro
Investimento,"R$ 526,82","R$ 2.006,38","R$ 1.484,42","R$ 1.102,04","R$ 0,00","R$ 0,00","R$ 0,00"
Ticket Médio,#DIV/0!,#DIV/0!,#DIV/0!,#DIV/0!,#DIV/0!,#DIV/0!,#DIV/0!
Impressões,1.035,2.590,2.381,1.155,0,0,0
Cliques Totais,100,345,295,155,0,0,0
Leads Botão WhatsApp,0,35,30,0,0,0,0
Leads Formulário,4,15,6,16,0,0,0
Leads Totais,0,50,36,16,0,0,0
MQL (Manual),2,2,3,3,,,
SQL (Manual),2,2,0,3,,,
Vendas (Manual),0,0,0,,,,
Receita Faturada (Manual),"R$ 0,00","R$ 0,00","R$ 0,00","R$ 0,00","R$ 0,00","R$ 0,00","R$ 0,00"
ROAS,"0,00","0,00","0,00","0,00",#DIV/0!,#DIV/0!,#DIV/0!
Taxa de Conversão Leads (Clique->Lead),"4,00%","4,35%","2,03%","10,32%",#DIV/0!,#DIV/0!,#DIV/0!
,,,,,,,
Custo por Clique,"R$ 5,27","R$ 5,82","R$ 5,03","R$ 7,11",#DIV/0!,#DIV/0!,#DIV/0!
,,,,,,,
Custo por Lead,"R$ 131,71","R$ 133,76","R$ 247,40","R$ 68,88",#DIV/0!,#DIV/0!,#DIV/0!
Custo por MQL ,"R$ 263,41","R$ 1.003,19","R$ 494,81","R$ 367,35",#DIV/0!,#DIV/0!,#DIV/0!
Custo por SQL,"R$ 263,41","R$ 1.003,19",#DIV/0!,"R$ 367,35",#DIV/0!,#DIV/0!,#DIV/0!
Custo por Compra,#DIV/0!,#DIV/0!,#DIV/0!,#DIV/0!,#DIV/0!,#DIV/0!,#DIV/0!
,,,,,,,
% Lead - MQL,"50,00%","4,00%","50,00%","18,75%",#DIV/0!,#DIV/0!,#DIV/0!
 % MQL - SQL,"100,00%","100,00%","0,00%","100,00%",#DIV/0!,#DIV/0!,#DIV/0!
% SQL - Vendas,"0,00%","0,00%",#DIV/0!,"0,00%",#DIV/0!,#DIV/0!,#DIV/0!
,,,,,,,
Investimento Meta,"R$ 0,00","R$ 0,00","R$ 0,00","R$ 0,00","R$ 0,00","R$ 0,00","R$ 0,00"
Impressões,0,0,0,0,0,0,0
Cliques,0,0,0,0,0,0,0
CTR,,,,,,,
Leads (Conversões),0,0,0,0,0,0,0
Taxa de Conversão (Clique->Lead),,,,,,,
,,,,,,,
Custo por Clique,,,,,,,
Custo por Lead,,,,,,,
,,,,,,,
,,,,,,,
Investimento Google,"R$ 526,82","R$ 2.006,38","R$ 1.484,42","R$ 1.102,04","R$ 0,00","R$ 0,00","R$ 0,00"
Impressões,1.035,2.590,2.381,1.155,0,0,0
Cliques,100,345,295,155,0,0,0
CTR,"9,66%","13,32%","12,39%","13,42%",#DIV/0!,#DIV/0!,#DIV/0!
Leads (Formulário),4,15,6,16,0,0,0
Leads (WhatsApp),0,35,30,0,0,0,0
Taxa de Conversão (Clique->Lead),"4,00%","4,35%","2,03%","10,32%",#DIV/0!,#DIV/0!,#DIV/0!
,,,,,,,
Custo por Clique,"R$ 5,27","R$ 5,82","R$ 5,03","R$ 7,11",#DIV/0!,#DIV/0!,#DIV/0!
Custo por Lead,"R$ 131,71","R$ 133,76","R$ 247,40","R$ 68,88",#DIV/0!,#DIV/0!,#DIV/0!
